KeyMedicament,NameMedicament
KeyMed913,Medicament913
KeyMed914,Medicament914
KeyMed915,Medicament915
KeyMed916,Medicament916
KeyMed917,Medicament917
KeyMed918,Medicament918
KeyMed919,Medicament919
KeyMed920,Medicament920
KeyMed921,Medicament921
KeyMed922,Medicament922
KeyMed923,Medicament923
KeyMed924,Medicament924
KeyMed925,Medicament925
KeyMed926,Medicament926
KeyMed927,Medicament927
KeyMed928,Medicament928
KeyMed929,Medicament929
KeyMed930,Medicament930
KeyMed931,Medicament931
KeyMed932,Medicament932
KeyMed933,Medicament933
KeyMed934,Medicament934
KeyMed935,Medicament935
KeyMed936,Medicament936
KeyMed937,Medicament937
KeyMed938,Medicament938
KeyMed939,Medicament939
KeyMed940,Medicament940
KeyMed941,Medicament941
KeyMed942,Medicament942
KeyMed943,Medicament943
KeyMed944,Medicament944
KeyMed945,Medicament945
KeyMed946,Medicament946
KeyMed947,Medicament947
KeyMed948,Medicament948
KeyMed949,Medicament949
KeyMed950,Medicament950
KeyMed951,Medicament951
KeyMed952,Medicament952
KeyMed953,Medicament953
KeyMed954,Medicament954
KeyMed955,Medicament955
KeyMed956,Medicament956
KeyMed957,Medicament957
KeyMed958,Medicament958
KeyMed959,Medicament959
KeyMed960,Medicament960
KeyMed961,Medicament961
KeyMed962,Medicament962
KeyMed963,Medicament963
KeyMed964,Medicament964
KeyMed965,Medicament965
KeyMed966,Medicament966
KeyMed967,Medicament967
KeyMed968,Medicament968
KeyMed969,Medicament969
KeyMed970,Medicament970
KeyMed971,Medicament971
KeyMed972,Medicament972
KeyMed973,Medicament973
KeyMed974,Medicament974
KeyMed975,Medicament975
KeyMed976,Medicament976
KeyMed977,Medicament977
KeyMed978,Medicament978
KeyMed979,Medicament979
KeyMed980,Medicament980
KeyMed981,Medicament981
KeyMed982,Medicament982
KeyMed983,Medicament983
KeyMed984,Medicament984
KeyMed985,Medicament985
KeyMed986,Medicament986
KeyMed987,Medicament987
KeyMed988,Medicament988
KeyMed989,Medicament989
KeyMed990,Medicament990
KeyMed991,Medicament991
KeyMed992,Medicament992
KeyMed993,Medicament993
KeyMed994,Medicament994
KeyMed995,Medicament995
KeyMed996,Medicament996
KeyMed997,Medicament997
KeyMed998,Medicament998
KeyMed999,Medicament999
